"","eigenvalue","percentage of variance","cumulative percentage of variance"
"comp 1",3111.98480562926,64.3101200334518,64.3101200334518
"comp 2",782.536226480981,16.1713510183223,80.4814710517741
"comp 3",601.273594782442,12.4255031655224,92.9069742172965
"comp 4",131.536328374883,2.71823855028038,95.6252127675769
"comp 5",83.2247389637935,1.71986474446555,97.3450775120424
"comp 6",27.8725526907507,0.575994846099011,97.9210723581414
"comp 7",24.7961649774263,0.512420350890856,98.4334927090323
"comp 8",8.76882284124575,0.181210412227112,98.6147031212594
"comp 9",2.38730963925402,0.0493344855603813,98.6640376068198
